<model><settings><parameterLearningLogging>false</parameterLearningLogging><discreteTails>false</discreteTails><sampleSizeRanked>5</sampleSizeRanked><convergence>0.001</convergence><simulationLogging>true</simulationLogging><iterations>10</iterations><tolerance>1.0</tolerance></settings><dataSets><dataSet><observations></observations><displayable>true</displayable><active>true</active><id><![CDATA[Case 1]]></id><logPe></logPe><results><result><node><![CDATA[M2]]></node><summaryStatistics><confidenceInterval>50.0</confidenceInterval><entropy>9.3E-4</entropy><percentile>199.99812536020931</percentile><median>199.99812536020931</median><variance>1.0157340778448775E8</variance><mean>210.1343407131892</mean><standardDeviation>10078.363348504943</standardDeviation><lowerPercentile>-6547.54724250652</lowerPercentile><upperPercentile>6982.552997384411</upperPercentile></summaryStatistics><resultValues><resultValue><label><![CDATA[-47800.0 - -35800.0]]></label><value>1.583151201091281E-4</value></resultValue><resultValue><label><![CDATA[-35800.0 - -29800.0]]></label><value>0.0011907922085451672</value></resultValue><resultValue><label><![CDATA[-29800.0 - -23800.0]]></label><value>0.006847653196485258</value></resultValue><resultValue><label><![CDATA[-23800.0 - -20800.0]]></label><value>0.009666893093709317</value></resultValue><resultValue><label><![CDATA[-20800.0 - -17800.0]]></label><value>0.018065915155922298</value></resultValue><resultValue><label><![CDATA[-17800.0 - -16300.0]]></label><value>0.013541167606380154</value></resultValue><resultValue><label><![CDATA[-16300.0 - -14800.0]]></label><value>0.017335740338333693</value></resultValue><resultValue><label><![CDATA[-14800.0 - -13300.0]]></label><value>0.021700852426753247</value></resultValue><resultValue><label><![CDATA[-13300.0 - -11800.0]]></label><value>0.026561708306007216</value></resultValue><resultValue><label><![CDATA[-11800.0 - -10000.0]]></label><value>0.03879466085444889</value></resultValue><resultValue><label><![CDATA[-10000.0 - -8875.0]]></label><value>0.028207022622444764</value></resultValue><resultValue><label><![CDATA[-8875.0 - -7750.0]]></label><value>0.031235591569353016</value></resultValue><resultValue><label><![CDATA[-7750.0 - -6625.0]]></label><value>0.034154785820045615</value></resultValue><resultValue><label><![CDATA[-6625.0 - -5500.0]]></label><value>0.036877504224242644</value></resultValue><resultValue><label><![CDATA[-5500.0 - -4375.0]]></label><value>0.039317033062468226</value></resultValue><resultValue><label><![CDATA[-4375.0 - -3250.0]]></label><value>0.041391423269076855</value></resultValue><resultValue><label><![CDATA[-3250.0 - -2125.0]]></label><value>0.043027737269913005</value></resultValue><resultValue><label><![CDATA[-2125.0 - -1000.0]]></label><value>0.04416682853732627</value></resultValue><resultValue><label><![CDATA[-1000.0 - 200.0]]></label><value>0.0477584499266774</value></resultValue><resultValue><label><![CDATA[200.0 - 1000.0]]></label><value>0.031881371664345654</value></resultValue><resultValue><label><![CDATA[1000.0 - 3250.0]]></label><value>0.08793577308950236</value></resultValue><resultValue><label><![CDATA[3250.0 - 5500.0]]></label><value>0.08212733596950592</value></resultValue><resultValue><label><![CDATA[5500.0 - 7750.0]]></label><value>0.07293145721918029</value></resultValue><resultValue><label><![CDATA[7750.0 - 10000.0]]></label><value>0.06158138869250366</value></resultValue><resultValue><label><![CDATA[10000.0 - 11100.0]]></label><value>0.02568652447147234</value></resultValue><resultValue><label><![CDATA[11100.0 - 12200.0]]></label><value>0.02278694204258585</value></resultValue><resultValue><label><![CDATA[12200.0 - 15200.0]]></label><value>0.04826258308453762</value></resultValue><resultValue><label><![CDATA[15200.0 - 18200.0]]></label><value>0.03087698896990604</value></resultValue><resultValue><label><![CDATA[18200.0 - 21200.0]]></label><value>0.018065905842681817</value></resultValue><resultValue><label><![CDATA[21200.0 - 24200.0]]></label><value>0.009666895887681461</value></resultValue><resultValue><label><![CDATA[24200.0 - 30200.0]]></label><value>0.006847651333837162</value></resultValue><resultValue><label><![CDATA[30200.0 - 36200.0]]></label><value>0.001190791510052131</value></resultValue><resultValue><label><![CDATA[36200.0 - 42200.0]]></label><value>1.457631856981427E-4</value></resultValue><resultValue><label><![CDATA[42200.0 - 48200.0]]></label><value>1.2552428267389845E-5</value></resultValue></resultValues><network><![CDATA[New Bayesian Network0]]></network></result><result><node><![CDATA[M3]]></node><summaryStatistics><confidenceInterval>50.0</confidenceInterval><entropy>5.352E-4</entropy><percentile>299.9968847587211</percentile><median>299.9968847587211</median><variance>1.0122407697619298E8</variance><mean>303.80363435055125</mean><standardDeviation>10061.017690879635</standardDeviation><lowerPercentile>-6450.361685367467</lowerPercentile><upperPercentile>7079.731271549376</upperPercentile></summaryStatistics><resultValues><resultValue><label><![CDATA[-47700.0 - -35700.0]]></label><value>1.5831520825545066E-4</value></resultValue><resultValue><label><![CDATA[-35700.0 - -29700.0]]></label><value>0.0011907907014218533</value></resultValue><resultValue><label><![CDATA[-29700.0 - -23700.0]]></label><value>0.0068476387970656544</value></resultValue><resultValue><label><![CDATA[-23700.0 - -20700.0]]></label><value>0.009666894076000606</value></resultValue><resultValue><label><![CDATA[-20700.0 - -19200.0]]></label><value>0.007723646858001769</value></resultValue><resultValue><label><![CDATA[-19200.0 - -17700.0]]></label><value>0.010342279103396952</value></resultValue><resultValue><label><![CDATA[-17700.0 - -16200.0]]></label><value>0.013541168609097971</value></resultValue><resultValue><label><![CDATA[-16200.0 - -14700.0]]></label><value>0.01733576464415915</value></resultValue><resultValue><label><![CDATA[-14700.0 - -13200.0]]></label><value>0.02170082273879802</value></resultValue><resultValue><label><![CDATA[-13200.0 - -11700.0]]></label><value>0.02656172148458656</value></resultValue><resultValue><label><![CDATA[-11700.0 - -10000.0]]></label><value>0.03643542724245957</value></resultValue><resultValue><label><![CDATA[-10000.0 - -8875.0]]></label><value>0.02793538162195556</value></resultValue><resultValue><label><![CDATA[-8875.0 - -7750.0]]></label><value>0.030969573919463908</value></resultValue><resultValue><label><![CDATA[-7750.0 - -6625.0]]></label><value>0.03390191289323252</value></resultValue><resultValue><label><![CDATA[-6625.0 - -5500.0]]></label><value>0.03664570903775371</value></resultValue><resultValue><label><![CDATA[-5500.0 - -4375.0]]></label><value>0.03911389286730614</value></resultValue><resultValue><label><![CDATA[-4375.0 - -3250.0]]></label><value>0.041223785157754635</value></resultValue><resultValue><label><![CDATA[-3250.0 - -2125.0]]></label><value>0.042901621318799994</value></resultValue><resultValue><label><![CDATA[-2125.0 - -1000.0]]></label><value>0.04408692489173218</value></resultValue><resultValue><label><![CDATA[-1000.0 - -100.0]]></label><value>0.03576339498165427</value></resultValue><resultValue><label><![CDATA[-100.0 - 300.0]]></label><value>0.015953458094281465</value></resultValue><resultValue><label><![CDATA[300.0 - 1000.0]]></label><value>0.027903217414458798</value></resultValue><resultValue><label><![CDATA[1000.0 - 3250.0]]></label><value>0.08809991010424319</value></resultValue><resultValue><label><![CDATA[3250.0 - 5500.0]]></label><value>0.08246511646066908</value></resultValue><resultValue><label><![CDATA[5500.0 - 7750.0]]></label><value>0.0733961361520344</value></resultValue><resultValue><label><![CDATA[7750.0 - 10000.0]]></label><value>0.062112802521862895</value></resultValue><resultValue><label><![CDATA[10000.0 - 11150.0]]></label><value>0.027062466488199682</value></resultValue><resultValue><label><![CDATA[11150.0 - 12300.0]]></label><value>0.023891179564783493</value></resultValue><resultValue><label><![CDATA[12300.0 - 13800.0]]></label><value>0.026561723347234664</value></resultValue><resultValue><label><![CDATA[13800.0 - 15300.0]]></label><value>0.021700824601446126</value></resultValue><resultValue><label><![CDATA[15300.0 - 16800.0]]></label><value>0.01733576464415915</value></resultValue><resultValue><label><![CDATA[16800.0 - 18300.0]]></label><value>0.013541168609097971</value></resultValue><resultValue><label><![CDATA[18300.0 - 19800.0]]></label><value>0.010342279103396952</value></resultValue><resultValue><label><![CDATA[19800.0 - 21300.0]]></label><value>0.0077236473236637964</value></resultValue><resultValue><label><![CDATA[21300.0 - 24300.0]]></label><value>0.009666894076000606</value></resultValue><resultValue><label><![CDATA[24300.0 - 30300.0]]></label><value>0.0068476387970656544</value></resultValue><resultValue><label><![CDATA[30300.0 - 36300.0]]></label><value>0.0011907907014218533</value></resultValue><resultValue><label><![CDATA[36300.0 - 42300.0]]></label><value>1.4576340474573205E-4</value></resultValue><resultValue><label><![CDATA[42300.0 - 48300.0]]></label><value>1.255243833802823E-5</value></resultValue></resultValues><network><![CDATA[New Bayesian Network0]]></network></result><result><node><![CDATA[M1]]></node><summaryStatistics><confidenceInterval>50.0</confidenceInterval><entropy>9.344E-4</entropy><percentile>100.00027811873844</percentile><median>100.00027811873844</median><variance>1.0157787086283796E8</variance><mean>109.98431472288247</mean><standardDeviation>10078.58476487835</standardDeviation><lowerPercentile>-6645.671864928502</lowerPercentile><upperPercentile>6884.7920239028435</upperPercentile></summaryStatistics><resultValues><resultValue><label><![CDATA[-47900.0 - -35900.0]]></label><value>1.5831507598578772E-4</value></resultValue><resultValue><label><![CDATA[-35900.0 - -29900.0]]></label><value>0.001190790458796013</value></resultValue><resultValue><label><![CDATA[-29900.0 - -23900.0]]></label><value>0.006847648985305017</value></resultValue><resultValue><label><![CDATA[-23900.0 - -20900.0]]></label><value>0.00966689213383764</value></resultValue><resultValue><label><![CDATA[-20900.0 - -17900.0]]></label><value>0.018065969119365866</value></resultValue><resultValue><label><![CDATA[-17900.0 - -16400.0]]></label><value>0.013541161047122954</value></resultValue><resultValue><label><![CDATA[-16400.0 - -14900.0]]></label><value>0.01733574773773129</value></resultValue><resultValue><label><![CDATA[-14900.0 - -13400.0]]></label><value>0.02170086167590818</value></resultValue><resultValue><label><![CDATA[-13400.0 - -11900.0]]></label><value>0.02656172685404784</value></resultValue><resultValue><label><![CDATA[-11900.0 - -10000.0]]></label><value>0.04117798602741213</value></resultValue><resultValue><label><![CDATA[-10000.0 - -8875.0]]></label><value>0.028478510948974297</value></resultValue><resultValue><label><![CDATA[-8875.0 - -7750.0]]></label><value>0.031500650025729285</value></resultValue><resultValue><label><![CDATA[-7750.0 - -6625.0]]></label><value>0.03440594891304363</value></resultValue><resultValue><label><![CDATA[-6625.0 - -5500.0]]></label><value>0.037107131371974106</value></resultValue><resultValue><label><![CDATA[-5500.0 - -4375.0]]></label><value>0.0395173644738231</value></resultValue><resultValue><label><![CDATA[-4375.0 - -3250.0]]></label><value>0.041555570872493605</value></resultValue><resultValue><label><![CDATA[-3250.0 - -2125.0]]></label><value>0.04314982254931071</value></resultValue><resultValue><label><![CDATA[-2125.0 - -1000.0]]></label><value>0.044242418391717164</value></resultValue><resultValue><label><![CDATA[-1000.0 - 100.0]]></label><value>0.04379547225702992</value></resultValue><resultValue><label><![CDATA[100.0 - 1000.0]]></label><value>0.03585645631139637</value></resultValue><resultValue><label><![CDATA[1000.0 - 3250.0]]></label><value>0.08776299359291224</value></resultValue><resultValue><label><![CDATA[3250.0 - 5500.0]]></label><value>0.08178240310292341</value></resultValue><resultValue><label><![CDATA[5500.0 - 7750.0]]></label><value>0.07246276259000832</value></resultValue><resultValue><label><![CDATA[7750.0 - 10000.0]]></label><value>0.061048760563780835</value></resultValue><resultValue><label><![CDATA[10000.0 - 11050.0]]></label><value>0.024328775009538353</value></resultValue><resultValue><label><![CDATA[11050.0 - 12100.0]]></label><value>0.021688689270634703</value></resultValue><resultValue><label><![CDATA[12100.0 - 15100.0]]></label><value>0.0482626127443812</value></resultValue><resultValue><label><![CDATA[15100.0 - 18100.0]]></label><value>0.0308769385872237</value></resultValue><resultValue><label><![CDATA[18100.0 - 21100.0]]></label><value>0.018065970982013957</value></resultValue><resultValue><label><![CDATA[21100.0 - 24100.0]]></label><value>0.009666894927809777</value></resultValue><resultValue><label><![CDATA[24100.0 - 30100.0]]></label><value>0.0068476471226569255</value></resultValue><resultValue><label><![CDATA[30100.0 - 36100.0]]></label><value>0.0011907908080425302</value></resultValue><resultValue><label><![CDATA[36100.0 - 42100.0]]></label><value>1.457630397483024E-4</value></resultValue><resultValue><label><![CDATA[42100.0 - 48100.0]]></label><value>1.2552427320824704E-5</value></resultValue></resultValues><network><![CDATA[New Bayesian Network0]]></network></result><result><node><![CDATA[M12]]></node><resultValues><resultValue><label><![CDATA[False]]></label><value>0.5193034410476685</value></resultValue><resultValue><label><![CDATA[True]]></label><value>0.48069655895233154</value></resultValue></resultValues><network><![CDATA[New Bayesian Network0]]></network></result><result><node><![CDATA[M5]]></node><resultValues><resultValue><label><![CDATA[m1]]></label><value>0.16666536033153534</value></resultValue><resultValue><label><![CDATA[m2]]></label><value>0.3333319127559662</value></resultValue><resultValue><label><![CDATA[m3]]></label><value>0.5000027418136597</value></resultValue></resultValues><network><![CDATA[New Bayesian Network0]]></network></result></results></dataSet></dataSets><links></links><riskTable><questionnaire><name><![CDATA[New Bayesian Network]]></name><questions><question><mode><![CDATA[numerical]]></mode><syncName>true</syncName><node><![CDATA[M1]]></node><visible>true</visible><name><![CDATA[X4]]></name><answers><answer><name><![CDATA[-Infinity - -1.0]]></name><state><![CDATA[-Infinity - -1.0]]></state></answer><answer><name><![CDATA[-1.0 - 1.0]]></name><state><![CDATA[-1.0 - 1.0]]></state></answer><answer><name><![CDATA[1.0 - Infinity]]></name><state><![CDATA[1.0 - Infinity]]></state></answer></answers><description><![CDATA[New Node]]></description><type><![CDATA[observation]]></type><network><![CDATA[New Bayesian Network0]]></network></question><question><mode><![CDATA[numerical]]></mode><syncName>true</syncName><node><![CDATA[M3]]></node><visible>true</visible><name><![CDATA[X2]]></name><answers><answer><name><![CDATA[-Infinity - -1.0]]></name><state><![CDATA[-Infinity - -1.0]]></state></answer><answer><name><![CDATA[-1.0 - 1.0]]></name><state><![CDATA[-1.0 - 1.0]]></state></answer><answer><name><![CDATA[1.0 - Infinity]]></name><state><![CDATA[1.0 - Infinity]]></state></answer></answers><description><![CDATA[New Node]]></description><type><![CDATA[observation]]></type><network><![CDATA[New Bayesian Network0]]></network></question><question><mode><![CDATA[selection]]></mode><syncName>true</syncName><node><![CDATA[M12]]></node><visible>true</visible><name><![CDATA[New Node]]></name><answers><answer><name><![CDATA[False]]></name><state><![CDATA[False]]></state></answer><answer><name><![CDATA[True]]></name><state><![CDATA[True]]></state></answer></answers><description><![CDATA[New Node]]></description><type><![CDATA[observation]]></type><network><![CDATA[New Bayesian Network0]]></network></question><question><mode><![CDATA[selection]]></mode><syncName>true</syncName><node><![CDATA[M5]]></node><visible>true</visible><name><![CDATA[m]]></name><answers><answer><name><![CDATA[m1]]></name><state><![CDATA[m1]]></state></answer><answer><name><![CDATA[m2]]></name><state><![CDATA[m2]]></state></answer><answer><name><![CDATA[m3]]></name><state><![CDATA[m3]]></state></answer></answers><description><![CDATA[New Node]]></description><type><![CDATA[observation]]></type><network><![CDATA[New Bayesian Network0]]></network></question></questions><description><![CDATA[Questionnaire auto generated from  Extended BN]]></description></questionnaire></riskTable><graphics><paneSettings><rightPaneExpanded>true</rightPaneExpanded><scenarioPaneExpanded>false</scenarioPaneExpanded><leftPaneExpanded>true</leftPaneExpanded><selectedRiskObject><![CDATA[New Bayesian Network0]]></selectedRiskObject></paneSettings><canvasData><canvas><![CDATA[1.0
uk.co.agena.minerva.model.metadata.MetaDataItem=0
uk.co.agena.minerva.guicomponents.diagramcanvas.CanvassObjectGrouping~true~0~-1~-1~$0$~$0$~0~0~0~1~1.0~1~1.0~0~0~255~255~255~uk.co.agena.minerva.model.extendedbn.ExtendedBN=0
uk.co.agena.minerva.guicomponents.diagramcanvas.CanvassPolygon~true~1~0~-1~Frame~$0$~0~0~0~1~1.0~1~1.0~1~0~255~255~255~$0$~0=0.0,50.0,0.0,0.0,0.0,0.0~1=129.7168,50.0,0.0,0.0,0.0,0.0~1=129.7168,90.0,0.0,0.0,0.0,0.0~1=0.0,90.0,0.0,0.0,0.0,0.0~1=0.0,50.0,0.0,0.0,0.0,0.0~4=0.0,0.0,0.0,0.0,0.0,0.0~
uk.co.agena.minerva.guicomponents.diagramcanvas.CanvassLabel~true~2~0~-1~Title~$0$~0~0~0~1~1.0~1~0.6~1~1~255~255~255~uk.co.agena.minerva.model.extendedbn.ExtendedBN=0~0=0.0,50.0,0.0,0.0,0.0,0.0~1=129.7168,50.0,0.0,0.0,0.0,0.0~1=129.7168,70.0,0.0,0.0,0.0,0.0~1=0.0,70.0,0.0,0.0,0.0,0.0~1=0.0,50.0,0.0,0.0,0.0,0.0~4=0.0,0.0,0.0,0.0,0.0,0.0~~New Bayesian Network~11~Dialog~0~0~0~0~1~1~2~2
uk.co.agena.minerva.guicomponents.diagramcanvas.CanvassLabel~true~3~0~-1~NoIONodes~$0$~0~0~0~1~1.0~1~0.6~0~1~255~255~255~$0$~0=0.0,70.0,0.0,0.0,0.0,0.0~1=129.7168,70.0,0.0,0.0,0.0,0.0~1=129.7168,90.0,0.0,0.0,0.0,0.0~1=0.0,90.0,0.0,0.0,0.0,0.0~1=0.0,70.0,0.0,0.0,0.0,0.0~4=0.0,0.0,0.0,0.0,0.0,0.0~~No Input/Ouput nodes~10~Dialog~0~0~0~0~1~1~2~2]]></canvas><canvas><![CDATA[1.0
uk.co.agena.minerva.model.extendedbn.ExtendedBN=0
uk.co.agena.minerva.guicomponents.diagramcanvas.CanvassObjectGrouping~true~0~-1~-1~$0$~$0$~0~0~0~1~1.0~1~1.0~0~0~255~255~255~$0$
uk.co.agena.minerva.guicomponents.diagramcanvas.CanvassLabel~true~317~0~-1~$0$~$0$~0~0~0~1~1.0~1~1.0~1~1~255~255~255~uk.co.agena.minerva.model.extendedbn.ContinuousIntervalEN=0,uk.co.agena.minerva.model.extendedbn.ExtendedBN=0~0=549.99915,197.0,0.0,0.0,0.0,0.0~3=549.99915,224.06195,519.7788,246.0,482.5001,246.0~3=445.22144,246.0,415.00107,224.06195,415.00107,197.0~3=415.00107,169.93805,445.22144,148.0,482.5001,148.0~3=519.7788,148.0,549.99915,169.93805,549.99915,197.0~4=0.0,0.0,0.0,0.0,0.0,0.0~~X2~10~Dialog~1~0~0~0~1~5~2~2
uk.co.agena.minerva.guicomponents.diagramcanvas.CanvassObjectGrouping~true~318~-1~-1~$0$~$0$~0~0~0~1~1.0~1~1.0~0~0~255~255~255~$0$
uk.co.agena.minerva.guicomponents.diagramcanvas.CanvassLabel~true~652~318~-1~$0$~$0$~0~0~0~1~1.0~1~1.0~1~1~255~255~255~uk.co.agena.minerva.model.extendedbn.ContinuousIntervalEN=1,uk.co.agena.minerva.model.extendedbn.ExtendedBN=0~0=745.2255,199.41608,0.0,0.0,0.0,0.0~3=745.2255,228.13702,710.0794,251.41995,666.7245,251.41995~3=623.36957,251.41995,588.22345,228.13702,588.22345,199.41608~3=588.22345,170.69513,623.36957,147.4122,666.7245,147.4122~3=710.0794,147.4122,745.2255,170.69513,745.2255,199.41608~4=0.0,0.0,0.0,0.0,0.0,0.0~~X3~10~Dialog~1~0~0~0~1~5~2~2
uk.co.agena.minerva.guicomponents.diagramcanvas.CanvassObjectGrouping~true~653~-1~-1~$0$~$0$~0~0~0~1~1.0~1~1.0~0~0~255~255~255~$0$
uk.co.agena.minerva.guicomponents.diagramcanvas.CanvassLabel~true~967~653~-1~$0$~$0$~0~0~0~1~1.0~1~1.0~1~1~255~255~255~uk.co.agena.minerva.model.extendedbn.ContinuousIntervalEN=2,uk.co.agena.minerva.model.extendedbn.ExtendedBN=0~0=385.0,196.9993,0.0,0.0,0.0,0.0~3=385.0,224.06085,355.22693,245.9986,318.5,245.9986~3=281.77304,245.9986,252.0,224.06085,252.0,196.9993~3=252.0,169.93773,281.77304,148.0,318.5,148.0~3=355.22693,148.0,385.0,169.93773,385.0,196.9993~4=0.0,0.0,0.0,0.0,0.0,0.0~~X1~10~Dialog~1~0~0~0~1~5~2~2
uk.co.agena.minerva.guicomponents.diagramcanvas.CanvassObjectGrouping~true~968~-1~-1~$0$~$0$~0~0~0~1~1.0~1~1.0~0~0~255~255~255~$0$
uk.co.agena.minerva.guicomponents.diagramcanvas.CanvassLabel~true~1139~968~-1~$0$~$0$~0~0~0~1~1.0~1~1.0~1~1~255~255~255~uk.co.agena.minerva.model.extendedbn.BooleanEN=3,uk.co.agena.minerva.model.extendedbn.ExtendedBN=0~0=453.0,421.0,0.0,0.0,0.0,0.0~3=453.0,448.61426,421.65994,471.0,383.0,471.0~3=344.34006,471.0,313.0,448.61426,313.0,421.0~3=313.0,393.38574,344.34006,371.0,383.0,371.0~3=421.65994,371.0,453.0,393.38574,453.0,421.0~4=0.0,0.0,0.0,0.0,0.0,0.0~~New Node~10~Dialog~1~0~0~0~1~5~2~2
uk.co.agena.minerva.guicomponents.diagramcanvas.CanvassObjectGrouping~false~1140~-1~-1~$0$~$0$~0~0~0~1~1.0~1~1.0~0~0~255~255~255~$0$
uk.co.agena.minerva.guicomponents.diagramcanvas.CanvassLine~true~1141~1140~-1~$0$~$0$~0~0~0~1~1.0~1~1.0~1~1~255~255~255~$0$~java.awt.geom.Line2D$Double~461.8253493331745~243.64795536444527~404.1755057103886~373.2683092477712~317~1139~-1~1324
uk.co.agena.minerva.guicomponents.diagramcanvas.CanvassObjectGrouping~false~1142~-1~-1~$0$~$0$~0~0~0~1~1.0~1~1.0~0~0~255~255~255~$0$
uk.co.agena.minerva.guicomponents.diagramcanvas.CanvassLine~true~1143~1142~-1~$0$~$0$~0~0~0~1~1.0~1~1.0~1~1~255~255~255~$0$~java.awt.geom.Line2D$Double~332.3047226486341~244.93597102165256~368.82344504986935~371.91545258581766~967~1139~-1~1325
uk.co.agena.minerva.guicomponents.diagramcanvas.CanvassObjectGrouping~false~1144~-1~-1~$0$~$0$~0~0~0~1~1.0~1~1.0~0~0~255~255~255~$0$
uk.co.agena.minerva.guicomponents.diagramcanvas.CanvassLine~true~1145~1144~-1~$0$~$0$~0~0~0~1~1.0~1~1.0~1~1~255~255~255~$0$~java.awt.geom.Line2D$Double~615.977704242408~239.07510238832194~430.24294369302345~384.10153541764237~652~1139~-1~1326
uk.co.agena.minerva.guicomponents.diagramcanvas.CanvassObjectGrouping~true~1146~-1~-1~$0$~$0$~0~0~0~1~1.0~1~1.0~0~0~255~255~255~$0$
uk.co.agena.minerva.guicomponents.diagramcanvas.CanvassLabel~true~1319~1146~-1~$0$~$0$~0~0~0~1~1.0~1~1.0~1~1~255~255~255~uk.co.agena.minerva.model.extendedbn.ExtendedBN=0,uk.co.agena.minerva.model.extendedbn.LabelledEN=4~0=218.0,197.0,0.0,0.0,0.0,0.0~3=218.0,224.61423,186.65994,247.0,148.0,247.0~3=109.340065,247.0,78.0,224.61423,78.0,197.0~3=78.0,169.38576,109.340065,147.0,148.0,147.0~3=186.65994,147.0,218.0,169.38576,218.0,197.0~4=0.0,0.0,0.0,0.0,0.0,0.0~~m~10~Dialog~1~0~0~0~1~5~2~2
uk.co.agena.minerva.guicomponents.diagramcanvas.CanvassObjectGrouping~false~1320~-1~-1~$0$~$0$~0~0~0~1~1.0~1~1.0~0~0~255~255~255~$0$
uk.co.agena.minerva.guicomponents.diagramcanvas.CanvassLine~true~1321~1320~-1~$0$~$0$~0~0~0~1~1.0~1~1.0~1~1~255~255~255~$0$~java.awt.geom.Line2D$Double~189.97960310021043~237.00877426962387~340.8703745560973~380.88539383112254~1319~1139~-1~1327
uk.co.agena.minerva.guicomponents.diagramcanvas.CanvassArrowHead~true~1324~1141~-1~$0$~$0$~0~0~0~1~1.0~1~1.0~1~1~255~255~255~$0$~10.0~5.0
uk.co.agena.minerva.guicomponents.diagramcanvas.CanvassArrowHead~true~1325~1143~-1~$0$~$0$~0~0~0~1~1.0~1~1.0~1~1~255~255~255~$0$~10.0~5.0
uk.co.agena.minerva.guicomponents.diagramcanvas.CanvassArrowHead~true~1326~1145~-1~$0$~$0$~0~0~0~1~1.0~1~1.0~1~1~255~255~255~$0$~10.0~5.0
uk.co.agena.minerva.guicomponents.diagramcanvas.CanvassArrowHead~true~1327~1321~-1~$0$~$0$~0~0~0~1~1.0~1~1.0~1~1~255~255~255~$0$~10.0~5.0]]></canvas></canvasData><openMonitors><![CDATA[0,2,2
0,4,2
0,1,2
0,0,2
0,3,2]]></openMonitors><windowSettings><preferredFrame><size><width>1728</width><height>999</height></size><maximised>false</maximised><position><x>0</x><y>38</y></position></preferredFrame><preferredScreen><![CDATA[Display 1]]></preferredScreen></windowSettings><objectDefaults><![CDATA[Display SD=false,hgraph decimal places=3,Display Upper Percentile=false,Graph type -multiple datasets=2,hgraph percentage=true,Small data set size=8,Graph type -single datapoint=2,Unknown=scenarioName,lock min Y=true,Space Taken By Graph=0.5,Graph type -small dataset=2,Display Variance=false,Visible legend=false,Log Plot=false,Display Lower Percentile=false,Treat min max x as percentile=false,Display Mean=false,Graph type -large dataset=2,Display Median=false,upper Percentile=75.0,Display Entropy=false,transparancy=0.5,Lower Percentile=25.0,Continuous X Axis=false,Number Mask=##0.##E0,min Y=0.0,hgraph min threshold display=0.01,plottype=0,Visible grid=false
0,2,Display SD=false,hgraph decimal places=3,Display Upper Percentile=false,Graph type -multiple datasets=2,hgraph percentage=true,Small data set size=8,Graph type -single datapoint=2,AdvancedGraphDataSetListSize=1,Unknown=Case 1,lock min Y=true,Space Taken By Graph=0.5,Graph type -small dataset=2,Display Variance=false,Visible legend=false,Log Plot=false,Display Lower Percentile=false,Treat min max x as percentile=false,Display Mean=false,Graph type -large dataset=2,Display Median=false,upper Percentile=75.0,Display Entropy=false,transparancy=0.5,Lower Percentile=25.0,histogram_graph_only=false,Continuous X Axis=false,Number Mask=##0.##E0,allow_individual_formatting_settings=false,min Y=0.0,hgraph min threshold display=0.01,plottype=0,Visible grid=false
0,4,Display SD=false,hgraph decimal places=3,Display Upper Percentile=false,Graph type -multiple datasets=2,hgraph percentage=true,Small data set size=8,Graph type -single datapoint=2,AdvancedGraphDataSetListSize=1,Unknown=scenarioName,lock min Y=true,Space Taken By Graph=0.5,Graph type -small dataset=2,Display Variance=false,Visible legend=false,Log Plot=false,Display Lower Percentile=false,Treat min max x as percentile=false,horizontal graph=true,Display Mean=false,Graph type -large dataset=2,Display Median=false,upper Percentile=75.0,Display Entropy=false,transparancy=0.5,Lower Percentile=25.0,histogram_graph_only=false,Continuous X Axis=false,Number Mask=##0.##E0,allow_individual_formatting_settings=true,min Y=0.0,hgraph min threshold display=0.01,plottype=0,Visible grid=false
0,1,Display SD=false,hgraph decimal places=3,Display Upper Percentile=false,Graph type -multiple datasets=2,hgraph percentage=true,Small data set size=8,Graph type -single datapoint=2,AdvancedGraphDataSetListSize=1,Unknown=Case 1,lock min Y=true,Space Taken By Graph=0.5,Graph type -small dataset=2,Display Variance=false,Visible legend=false,Log Plot=false,Display Lower Percentile=false,Treat min max x as percentile=false,Display Mean=false,Graph type -large dataset=2,Display Median=false,upper Percentile=75.0,Display Entropy=false,transparancy=0.5,Lower Percentile=25.0,histogram_graph_only=false,Continuous X Axis=false,Number Mask=##0.##E0,allow_individual_formatting_settings=false,min Y=0.0,hgraph min threshold display=0.01,plottype=0,Visible grid=false
0,0,Display SD=false,hgraph decimal places=3,Display Upper Percentile=false,Graph type -multiple datasets=2,hgraph percentage=true,Small data set size=8,Graph type -single datapoint=2,AdvancedGraphDataSetListSize=1,Unknown=Case 1,lock min Y=true,Space Taken By Graph=0.5,Graph type -small dataset=2,Display Variance=false,Visible legend=false,Log Plot=false,Display Lower Percentile=false,Treat min max x as percentile=false,Display Mean=false,Graph type -large dataset=2,Display Median=false,upper Percentile=75.0,Display Entropy=false,transparancy=0.5,Lower Percentile=25.0,histogram_graph_only=false,Continuous X Axis=false,Number Mask=##0.##E0,allow_individual_formatting_settings=false,min Y=0.0,hgraph min threshold display=0.01,plottype=0,Visible grid=false
0,3,Display SD=false,hgraph decimal places=3,Display Upper Percentile=false,Graph type -multiple datasets=2,hgraph percentage=true,Small data set size=8,Graph type -single datapoint=2,AdvancedGraphDataSetListSize=1,Unknown=scenarioName,lock min Y=true,Space Taken By Graph=0.5,Graph type -small dataset=2,Display Variance=false,Visible legend=false,Log Plot=false,Display Lower Percentile=false,Treat min max x as percentile=false,horizontal graph=true,Display Mean=false,Graph type -large dataset=2,Display Median=false,upper Percentile=75.0,Display Entropy=false,transparancy=0.5,Lower Percentile=25.0,histogram_graph_only=false,Continuous X Axis=false,Number Mask=##0.##E0,allow_individual_formatting_settings=true,min Y=0.0,hgraph min threshold display=0.01,plottype=0,Visible grid=false]]></objectDefaults><viewSettings><![CDATA[showExpressions=false,Input=false,ContinuousInterval=false,DiscreteReal=false,Labelled=false,DynamicDiscretisation=true,Output=false,IntegerInterval=false,Boolean=false,Ranked=false]]></viewSettings></graphics><networks><network><nodes><node><configuration><simulated>true</simulated><type><![CDATA[ContinuousInterval]]></type><table><nptCompiled>true</nptCompiled><type><![CDATA[Expression]]></type><expressions><expression><![CDATA[Normal(200.0,1.0E8)]]></expression></expressions></table></configuration><name><![CDATA[X2]]></name><description><![CDATA[New Node]]></description><id><![CDATA[M2]]></id></node><node><configuration><simulated>true</simulated><type><![CDATA[ContinuousInterval]]></type><table><nptCompiled>true</nptCompiled><type><![CDATA[Expression]]></type><expressions><expression><![CDATA[Normal(300.0,1.0E8)]]></expression></expressions></table></configuration><name><![CDATA[X3]]></name><description><![CDATA[New Node]]></description><id><![CDATA[M3]]></id></node><node><configuration><simulated>true</simulated><type><![CDATA[ContinuousInterval]]></type><table><nptCompiled>true</nptCompiled><type><![CDATA[Expression]]></type><expressions><expression><![CDATA[Normal(100.0,1.0E8)]]></expression></expressions></table></configuration><name><![CDATA[X1]]></name><description><![CDATA[New Node]]></description><id><![CDATA[M1]]></id></node><node><configuration><type><![CDATA[Boolean]]></type><table><partitions><partition><![CDATA[M5]]></partition></partitions><nptCompiled>true</nptCompiled><type><![CDATA[Partitioned]]></type><expressions><expression><![CDATA[Comparative(if(M1>M2,"True","False"))]]></expression><expression><![CDATA[Comparative(if(M2>100.0,"True","False"))]]></expression><expression><![CDATA[Comparative(if(M3>1000.0,"True","False"))]]></expression></expressions><probabilities><row><cell>0.5</cell><cell>0.5</cell><cell>0.5</cell><cell>0.5</cell><cell>0.5</cell><cell>0.5</cell><cell>0.5</cell><cell>0.5</cell><cell>0.5</cell><cell>0.5</cell><cell>0.5</cell><cell>0.5</cell><cell>0.5</cell><cell>0.5</cell><cell>0.5</cell><cell>0.5</cell><cell>0.5</cell><cell>0.5</cell><cell>0.5</cell><cell>0.5</cell><cell>0.5</cell><cell>0.5</cell><cell>0.5</cell><cell>0.5</cell><cell>0.5</cell><cell>0.5</cell><cell>0.5</cell><cell>0.5</cell><cell>0.5</cell><cell>0.5</cell><cell>0.5</cell><cell>0.5</cell><cell>0.5</cell><cell>0.5</cell><cell>0.5</cell><cell>0.5</cell><cell>0.5</cell><cell>0.5</cell><cell>0.5</cell><cell>0.5</cell><cell>0.5</cell><cell>0.5</cell><cell>0.5</cell><cell>0.5</cell><cell>0.5</cell><cell>0.5</cell><cell>0.5</cell><cell>0.5</cell><cell>0.5</cell><cell>0.5</cell><cell>0.5</cell><cell>0.5</cell><cell>0.5</cell><cell>0.5</cell><cell>0.5</cell><cell>0.5</cell><cell>0.5</cell><cell>0.5</cell><cell>0.5</cell><cell>0.5</cell><cell>0.5</cell><cell>0.5</cell><cell>0.5</cell><cell>0.5</cell><cell>0.5</cell><cell>0.5</cell><cell>0.5</cell><cell>0.5</cell><cell>0.5</cell><cell>0.5</cell><cell>0.5</cell><cell>0.5</cell><cell>0.5</cell><cell>0.5</cell><cell>0.5</cell><cell>0.5</cell><cell>0.5</cell><cell>0.5</cell><cell>0.5</cell><cell>0.5</cell><cell>0.5</cell></row><row><cell>0.5</cell><cell>0.5</cell><cell>0.5</cell><cell>0.5</cell><cell>0.5</cell><cell>0.5</cell><cell>0.5</cell><cell>0.5</cell><cell>0.5</cell><cell>0.5</cell><cell>0.5</cell><cell>0.5</cell><cell>0.5</cell><cell>0.5</cell><cell>0.5</cell><cell>0.5</cell><cell>0.5</cell><cell>0.5</cell><cell>0.5</cell><cell>0.5</cell><cell>0.5</cell><cell>0.5</cell><cell>0.5</cell><cell>0.5</cell><cell>0.5</cell><cell>0.5</cell><cell>0.5</cell><cell>0.5</cell><cell>0.5</cell><cell>0.5</cell><cell>0.5</cell><cell>0.5</cell><cell>0.5</cell><cell>0.5</cell><cell>0.5</cell><cell>0.5</cell><cell>0.5</cell><cell>0.5</cell><cell>0.5</cell><cell>0.5</cell><cell>0.5</cell><cell>0.5</cell><cell>0.5</cell><cell>0.5</cell><cell>0.5</cell><cell>0.5</cell><cell>0.5</cell><cell>0.5</cell><cell>0.5</cell><cell>0.5</cell><cell>0.5</cell><cell>0.5</cell><cell>0.5</cell><cell>0.5</cell><cell>0.5</cell><cell>0.5</cell><cell>0.5</cell><cell>0.5</cell><cell>0.5</cell><cell>0.5</cell><cell>0.5</cell><cell>0.5</cell><cell>0.5</cell><cell>0.5</cell><cell>0.5</cell><cell>0.5</cell><cell>0.5</cell><cell>0.5</cell><cell>0.5</cell><cell>0.5</cell><cell>0.5</cell><cell>0.5</cell><cell>0.5</cell><cell>0.5</cell><cell>0.5</cell><cell>0.5</cell><cell>0.5</cell><cell>0.5</cell><cell>0.5</cell><cell>0.5</cell><cell>0.5</cell></row></probabilities></table><states><state><![CDATA[False]]></state><state><![CDATA[True]]></state></states></configuration><name><![CDATA[New Node]]></name><description><![CDATA[New Node]]></description><id><![CDATA[M12]]></id></node><node><configuration><type><![CDATA[Labelled]]></type><table><nptCompiled>true</nptCompiled><type><![CDATA[Manual]]></type><probabilities><row><cell>0.16666667</cell></row><row><cell>0.33333334</cell></row><row><cell>0.5</cell></row></probabilities></table><states><state><![CDATA[m1]]></state><state><![CDATA[m2]]></state><state><![CDATA[m3]]></state></states></configuration><name><![CDATA[m]]></name><description><![CDATA[New Node]]></description><id><![CDATA[M5]]></id></node></nodes><name><![CDATA[New Bayesian Network]]></name><links><link><parent><![CDATA[M2]]></parent><child><![CDATA[M12]]></child></link><link><parent><![CDATA[M1]]></parent><child><![CDATA[M12]]></child></link><link><parent><![CDATA[M3]]></parent><child><![CDATA[M12]]></child></link><link><parent><![CDATA[M5]]></parent><child><![CDATA[M12]]></child></link></links><id><![CDATA[New Bayesian Network0]]></id></network></networks></model>