<model><settings><parameterLearningLogging>false</parameterLearningLogging><discreteTails>false</discreteTails><sampleSizeRanked>5</sampleSizeRanked><convergence>0.001</convergence><simulationLogging>true</simulationLogging><iterations>10</iterations><tolerance>1.0</tolerance></settings><dataSets><dataSet><observations></observations><displayable>true</displayable><active>true</active><id><![CDATA[Case 1]]></id><logPe></logPe><results><result><node><![CDATA[M2]]></node><summaryStatistics><confidenceInterval>50.0</confidenceInterval><entropy>9.3E-4</entropy><percentile>200.00087198215266</percentile><median>200.00087198215266</median><variance>1.0157341085984942E8</variance><mean>210.1359630624933</mean><standardDeviation>10078.363501077416</standardDeviation><lowerPercentile>-6547.5447309796</lowerPercentile><upperPercentile>6982.5574154009355</upperPercentile></summaryStatistics><resultValues><resultValue><label><![CDATA[-47800.0 - -35800.0]]></label><value>1.5831549891553054E-4</value></resultValue><resultValue><label><![CDATA[-35800.0 - -29800.0]]></label><value>0.0011907909314045244</value></resultValue><resultValue><label><![CDATA[-29800.0 - -23800.0]]></label><value>0.006847648559588808</value></resultValue><resultValue><label><![CDATA[-23800.0 - -20800.0]]></label><value>0.009666898709497893</value></resultValue><resultValue><label><![CDATA[-20800.0 - -17800.0]]></label><value>0.018065933834439912</value></resultValue><resultValue><label><![CDATA[-17800.0 - -16300.0]]></label><value>0.01354117230200404</value></resultValue><resultValue><label><![CDATA[-16300.0 - -14800.0]]></label><value>0.01733575901474813</value></resultValue><resultValue><label><![CDATA[-14800.0 - -13300.0]]></label><value>0.0217008245495383</value></resultValue><resultValue><label><![CDATA[-13300.0 - -11800.0]]></label><value>0.026561719558403488</value></resultValue><resultValue><label><![CDATA[-11800.0 - -10000.0]]></label><value>0.038794612537341386</value></resultValue><resultValue><label><![CDATA[-10000.0 - -8875.0]]></label><value>0.02820703946752446</value></resultValue><resultValue><label><![CDATA[-8875.0 - -7750.0]]></label><value>0.031235576758138397</value></resultValue><resultValue><label><![CDATA[-7750.0 - -6625.0]]></label><value>0.03415472631368493</value></resultValue><resultValue><label><![CDATA[-6625.0 - -5500.0]]></label><value>0.036877474528094034</value></resultValue><resultValue><label><![CDATA[-5500.0 - -4375.0]]></label><value>0.039317062978085626</value></resultValue><resultValue><label><![CDATA[-4375.0 - -3250.0]]></label><value>0.04139138613533762</value></resultValue><resultValue><label><![CDATA[-3250.0 - -2125.0]]></label><value>0.04302771876736798</value></resultValue><resultValue><label><![CDATA[-2125.0 - -1000.0]]></label><value>0.044166817488654656</value></resultValue><resultValue><label><![CDATA[-1000.0 - 200.0]]></label><value>0.04775848731720164</value></resultValue><resultValue><label><![CDATA[200.0 - 1000.0]]></label><value>0.03188141273443418</value></resultValue><resultValue><label><![CDATA[1000.0 - 3250.0]]></label><value>0.08793570628745864</value></resultValue><resultValue><label><![CDATA[3250.0 - 5500.0]]></label><value>0.08212723934836211</value></resultValue><resultValue><label><![CDATA[5500.0 - 7750.0]]></label><value>0.07293159153991349</value></resultValue><resultValue><label><![CDATA[7750.0 - 10000.0]]></label><value>0.06158154160702545</value></resultValue><resultValue><label><![CDATA[10000.0 - 11100.0]]></label><value>0.02568653013340345</value></resultValue><resultValue><label><![CDATA[11100.0 - 12200.0]]></label><value>0.022786947696165075</value></resultValue><resultValue><label><![CDATA[12200.0 - 15200.0]]></label><value>0.04826253479470128</value></resultValue><resultValue><label><![CDATA[15200.0 - 18200.0]]></label><value>0.030876940629992678</value></resultValue><resultValue><label><![CDATA[18200.0 - 21200.0]]></label><value>0.018065935697088014</value></resultValue><resultValue><label><![CDATA[21200.0 - 24200.0]]></label><value>0.009666898709497893</value></resultValue><resultValue><label><![CDATA[24200.0 - 30200.0]]></label><value>0.0068476490252508335</value></resultValue><resultValue><label><![CDATA[30200.0 - 36200.0]]></label><value>0.0011907910478200308</value></resultValue><resultValue><label><![CDATA[36200.0 - 42200.0]]></label><value>1.4576305515055058E-4</value></resultValue><resultValue><label><![CDATA[42200.0 - 48200.0]]></label><value>1.2552443764979974E-5</value></resultValue></resultValues><network><![CDATA[New Bayesian Network1]]></network></result><result><node><![CDATA[M3]]></node><summaryStatistics><confidenceInterval>50.0</confidenceInterval><entropy>5.352E-4</entropy><percentile>300.00007025129577</percentile><median>300.00007025129577</median><variance>1.0122408486035806E8</variance><mean>303.80444345718456</mean><standardDeviation>10061.0180826971</standardDeviation><lowerPercentile>-6450.359832097128</lowerPercentile><upperPercentile>7079.7285022403785</upperPercentile></summaryStatistics><resultValues><resultValue><label><![CDATA[-47700.0 - -35700.0]]></label><value>1.5831551314752896E-4</value></resultValue><resultValue><label><![CDATA[-35700.0 - -29700.0]]></label><value>0.001190791278244573</value></resultValue><resultValue><label><![CDATA[-29700.0 - -23700.0]]></label><value>0.006847648545750392</value></resultValue><resultValue><label><![CDATA[-23700.0 - -20700.0]]></label><value>0.009666899621286102</value></resultValue><resultValue><label><![CDATA[-20700.0 - -19200.0]]></label><value>0.0077236510148765</value></resultValue><resultValue><label><![CDATA[-19200.0 - -17700.0]]></label><value>0.010342276263785618</value></resultValue><resultValue><label><![CDATA[-17700.0 - -16200.0]]></label><value>0.01354117134331463</value></resultValue><resultValue><label><![CDATA[-16200.0 - -14700.0]]></label><value>0.017335760842362387</value></resultValue><resultValue><label><![CDATA[-14700.0 - -13200.0]]></label><value>0.021700824505683093</value></resultValue><resultValue><label><![CDATA[-13200.0 - -11700.0]]></label><value>0.026561721367372993</value></resultValue><resultValue><label><![CDATA[-11700.0 - -10000.0]]></label><value>0.03643538982871262</value></resultValue><resultValue><label><![CDATA[-10000.0 - -8875.0]]></label><value>0.0279353852239764</value></resultValue><resultValue><label><![CDATA[-8875.0 - -7750.0]]></label><value>0.030969542117781378</value></resultValue><resultValue><label><![CDATA[-7750.0 - -6625.0]]></label><value>0.03390190529303522</value></resultValue><resultValue><label><![CDATA[-6625.0 - -5500.0]]></label><value>0.036645675348375005</value></resultValue><resultValue><label><![CDATA[-5500.0 - -4375.0]]></label><value>0.03911384799114706</value></resultValue><resultValue><label><![CDATA[-4375.0 - -3250.0]]></label><value>0.04122376634935823</value></resultValue><resultValue><label><![CDATA[-3250.0 - -2125.0]]></label><value>0.04290165465714625</value></resultValue><resultValue><label><![CDATA[-2125.0 - -1000.0]]></label><value>0.0440869023454049</value></resultValue><resultValue><label><![CDATA[-1000.0 - -100.0]]></label><value>0.035763405999723455</value></resultValue><resultValue><label><![CDATA[-100.0 - 300.0]]></label><value>0.015953461749177042</value></resultValue><resultValue><label><![CDATA[300.0 - 1000.0]]></label><value>0.027903215428677283</value></resultValue><resultValue><label><![CDATA[1000.0 - 3250.0]]></label><value>0.08810002892494753</value></resultValue><resultValue><label><![CDATA[3250.0 - 5500.0]]></label><value>0.08246528000979342</value></resultValue><resultValue><label><![CDATA[5500.0 - 7750.0]]></label><value>0.0733960464210377</value></resultValue><resultValue><label><![CDATA[7750.0 - 10000.0]]></label><value>0.06211271284065815</value></resultValue><resultValue><label><![CDATA[10000.0 - 11150.0]]></label><value>0.027062462643480195</value></resultValue><resultValue><label><![CDATA[11150.0 - 12300.0]]></label><value>0.023891192497891383</value></resultValue><resultValue><label><![CDATA[12300.0 - 13800.0]]></label><value>0.026561721367372993</value></resultValue><resultValue><label><![CDATA[13800.0 - 15300.0]]></label><value>0.021700824505683093</value></resultValue><resultValue><label><![CDATA[15300.0 - 16800.0]]></label><value>0.017335762705010485</value></resultValue><resultValue><label><![CDATA[16800.0 - 18300.0]]></label><value>0.01354117134331463</value></resultValue><resultValue><label><![CDATA[18300.0 - 19800.0]]></label><value>0.010342277195109665</value></resultValue><resultValue><label><![CDATA[19800.0 - 21300.0]]></label><value>0.0077236510148765</value></resultValue><resultValue><label><![CDATA[21300.0 - 24300.0]]></label><value>0.009666900552610151</value></resultValue><resultValue><label><![CDATA[24300.0 - 30300.0]]></label><value>0.006847648545750392</value></resultValue><resultValue><label><![CDATA[30300.0 - 36300.0]]></label><value>0.001190791278244573</value></resultValue><resultValue><label><![CDATA[36300.0 - 42300.0]]></label><value>1.4576308395985448E-4</value></resultValue><resultValue><label><![CDATA[42300.0 - 48300.0]]></label><value>1.2552441920620452E-5</value></resultValue></resultValues><network><![CDATA[New Bayesian Network1]]></network></result><result><node><![CDATA[M1]]></node><summaryStatistics><confidenceInterval>50.0</confidenceInterval><entropy>9.344E-4</entropy><percentile>100.00100644862434</percentile><median>100.00100644862434</median><variance>1.0157784950816853E8</variance><mean>109.98373888861047</mean><standardDeviation>10078.583705470155</standardDeviation><lowerPercentile>-6645.675259851649</lowerPercentile><upperPercentile>6884.791607487314</upperPercentile></summaryStatistics><resultValues><resultValue><label><![CDATA[-47900.0 - -35900.0]]></label><value>1.5831551527148636E-4</value></resultValue><resultValue><label><![CDATA[-35900.0 - -29900.0]]></label><value>0.001190791061389187</value></resultValue><resultValue><label><![CDATA[-29900.0 - -23900.0]]></label><value>0.0068476477062942315</value></resultValue><resultValue><label><![CDATA[-23900.0 - -20900.0]]></label><value>0.009666897888328889</value></resultValue><resultValue><label><![CDATA[-20900.0 - -17900.0]]></label><value>0.01806593031500638</value></resultValue><resultValue><label><![CDATA[-17900.0 - -16400.0]]></label><value>0.013541170593658622</value></resultValue><resultValue><label><![CDATA[-16400.0 - -14900.0]]></label><value>0.0173357554869942</value></resultValue><resultValue><label><![CDATA[-14900.0 - -13400.0]]></label><value>0.021700824796820874</value></resultValue><resultValue><label><![CDATA[-13400.0 - -11900.0]]></label><value>0.02656172172372446</value></resultValue><resultValue><label><![CDATA[-11900.0 - -10000.0]]></label><value>0.04117803516570178</value></resultValue><resultValue><label><![CDATA[-10000.0 - -8875.0]]></label><value>0.02847848908784129</value></resultValue><resultValue><label><![CDATA[-8875.0 - -7750.0]]></label><value>0.031500747426143325</value></resultValue><resultValue><label><![CDATA[-7750.0 - -6625.0]]></label><value>0.03440598675877193</value></resultValue><resultValue><label><![CDATA[-6625.0 - -5500.0]]></label><value>0.03710705378005634</value></resultValue><resultValue><label><![CDATA[-5500.0 - -4375.0]]></label><value>0.03951739123172512</value></resultValue><resultValue><label><![CDATA[-4375.0 - -3250.0]]></label><value>0.04155555296195609</value></resultValue><resultValue><label><![CDATA[-3250.0 - -2125.0]]></label><value>0.04314985682038734</value></resultValue><resultValue><label><![CDATA[-2125.0 - -1000.0]]></label><value>0.04424241170335897</value></resultValue><resultValue><label><![CDATA[-1000.0 - 100.0]]></label><value>0.04379537987915782</value></resultValue><resultValue><label><![CDATA[100.0 - 1000.0]]></label><value>0.03585644575326366</value></resultValue><resultValue><label><![CDATA[1000.0 - 3250.0]]></label><value>0.08776295040138955</value></resultValue><resultValue><label><![CDATA[3250.0 - 5500.0]]></label><value>0.08178243431428851</value></resultValue><resultValue><label><![CDATA[5500.0 - 7750.0]]></label><value>0.07246286814673411</value></resultValue><resultValue><label><![CDATA[7750.0 - 10000.0]]></label><value>0.06104881004441583</value></resultValue><resultValue><label><![CDATA[10000.0 - 11050.0]]></label><value>0.024328782879281228</value></resultValue><resultValue><label><![CDATA[11050.0 - 12100.0]]></label><value>0.02168868219370765</value></resultValue><resultValue><label><![CDATA[12100.0 - 15100.0]]></label><value>0.04826255024584158</value></resultValue><resultValue><label><![CDATA[15100.0 - 18100.0]]></label><value>0.03087693166859719</value></resultValue><resultValue><label><![CDATA[18100.0 - 21100.0]]></label><value>0.018065932177654502</value></resultValue><resultValue><label><![CDATA[21100.0 - 24100.0]]></label><value>0.009666897888328889</value></resultValue><resultValue><label><![CDATA[24100.0 - 30100.0]]></label><value>0.0068476477062942315</value></resultValue><resultValue><label><![CDATA[30100.0 - 36100.0]]></label><value>0.0011907911778046947</value></resultValue><resultValue><label><![CDATA[36100.0 - 42100.0]]></label><value>1.4576305681153186E-4</value></resultValue><resultValue><label><![CDATA[42100.0 - 48100.0]]></label><value>1.2552442998519887E-5</value></resultValue></resultValues><network><![CDATA[New Bayesian Network1]]></network></result><result><node><![CDATA[M12]]></node><resultValues><resultValue><label><![CDATA[False]]></label><value>0.4966470003128052</value></resultValue><resultValue><label><![CDATA[True]]></label><value>0.5033529996871948</value></resultValue></resultValues><network><![CDATA[New Bayesian Network1]]></network></result><result><node><![CDATA[M5]]></node><resultValues><resultValue><label><![CDATA[False]]></label><value>0.514491081237793</value></resultValue><resultValue><label><![CDATA[True]]></label><value>0.48550891876220703</value></resultValue></resultValues><network><![CDATA[New Bayesian Network1]]></network></result><result><node><![CDATA[M6]]></node><resultValues><resultValue><label><![CDATA[m1]]></label><value>0.1666666716337204</value></resultValue><resultValue><label><![CDATA[m2]]></label><value>0.33333340287208557</value></resultValue><resultValue><label><![CDATA[m3]]></label><value>0.4999999403953552</value></resultValue></resultValues><network><![CDATA[New Bayesian Network1]]></network></result></results></dataSet></dataSets><links></links><riskTable><questionnaire><name><![CDATA[New Bayesian Network]]></name><questions><question><mode><![CDATA[numerical]]></mode><syncName>true</syncName><node><![CDATA[M2]]></node><visible>true</visible><name><![CDATA[X2]]></name><answers><answer><name><![CDATA[-Infinity - -1.0]]></name><state><![CDATA[-Infinity - -1.0]]></state></answer><answer><name><![CDATA[-1.0 - 1.0]]></name><state><![CDATA[-1.0 - 1.0]]></state></answer><answer><name><![CDATA[1.0 - Infinity]]></name><state><![CDATA[1.0 - Infinity]]></state></answer></answers><description><![CDATA[New Node]]></description><type><![CDATA[observation]]></type><network><![CDATA[New Bayesian Network1]]></network></question><question><mode><![CDATA[numerical]]></mode><syncName>true</syncName><node><![CDATA[M3]]></node><visible>true</visible><name><![CDATA[X2]]></name><answers><answer><name><![CDATA[-Infinity - -1.0]]></name><state><![CDATA[-Infinity - -1.0]]></state></answer><answer><name><![CDATA[-1.0 - 1.0]]></name><state><![CDATA[-1.0 - 1.0]]></state></answer><answer><name><![CDATA[1.0 - Infinity]]></name><state><![CDATA[1.0 - Infinity]]></state></answer></answers><description><![CDATA[New Node]]></description><type><![CDATA[observation]]></type><network><![CDATA[New Bayesian Network1]]></network></question><question><mode><![CDATA[numerical]]></mode><syncName>true</syncName><node><![CDATA[M1]]></node><visible>true</visible><name><![CDATA[X4]]></name><answers><answer><name><![CDATA[-Infinity - -1.0]]></name><state><![CDATA[-Infinity - -1.0]]></state></answer><answer><name><![CDATA[-1.0 - 1.0]]></name><state><![CDATA[-1.0 - 1.0]]></state></answer><answer><name><![CDATA[1.0 - Infinity]]></name><state><![CDATA[1.0 - Infinity]]></state></answer></answers><description><![CDATA[New Node]]></description><type><![CDATA[observation]]></type><network><![CDATA[New Bayesian Network1]]></network></question><question><mode><![CDATA[selection]]></mode><syncName>true</syncName><node><![CDATA[M12]]></node><visible>true</visible><name><![CDATA[M12]]></name><answers><answer><name><![CDATA[False]]></name><state><![CDATA[False]]></state></answer><answer><name><![CDATA[True]]></name><state><![CDATA[True]]></state></answer></answers><description><![CDATA[New Node]]></description><type><![CDATA[observation]]></type><network><![CDATA[New Bayesian Network1]]></network></question><question><mode><![CDATA[selection]]></mode><syncName>true</syncName><node><![CDATA[M5]]></node><visible>true</visible><name><![CDATA[New Node]]></name><answers><answer><name><![CDATA[False]]></name><state><![CDATA[False]]></state></answer><answer><name><![CDATA[True]]></name><state><![CDATA[True]]></state></answer></answers><description><![CDATA[New Node]]></description><type><![CDATA[observation]]></type><network><![CDATA[New Bayesian Network1]]></network></question><question><mode><![CDATA[selection]]></mode><syncName>true</syncName><node><![CDATA[M6]]></node><visible>true</visible><name><![CDATA[m]]></name><answers><answer><name><![CDATA[m1]]></name><state><![CDATA[m1]]></state></answer><answer><name><![CDATA[m2]]></name><state><![CDATA[m2]]></state></answer><answer><name><![CDATA[m3]]></name><state><![CDATA[m3]]></state></answer></answers><description><![CDATA[New Node]]></description><type><![CDATA[observation]]></type><network><![CDATA[New Bayesian Network1]]></network></question></questions><description><![CDATA[Questionnaire auto generated from New Bayesian Network Extended BN]]></description></questionnaire></riskTable><graphics><paneSettings><rightPaneExpanded>true</rightPaneExpanded><scenarioPaneExpanded>false</scenarioPaneExpanded><leftPaneExpanded>true</leftPaneExpanded><selectedRiskObject><![CDATA[New Bayesian Network1]]></selectedRiskObject></paneSettings><canvasData><canvas><![CDATA[1.0
uk.co.agena.minerva.model.metadata.MetaDataItem=0
uk.co.agena.minerva.guicomponents.diagramcanvas.CanvassObjectGrouping~true~0~-1~-1~$0$~$0$~0~0~0~1~1.0~1~1.0~0~0~255~255~255~uk.co.agena.minerva.model.extendedbn.ExtendedBN=0
uk.co.agena.minerva.guicomponents.diagramcanvas.CanvassPolygon~true~1~0~-1~Frame~$0$~0~0~0~1~1.0~1~1.0~1~0~255~255~255~$0$~0=53.0,188.0,0.0,0.0,0.0,0.0~1=182.7168,188.0,0.0,0.0,0.0,0.0~1=182.7168,228.0,0.0,0.0,0.0,0.0~1=53.0,228.0,0.0,0.0,0.0,0.0~1=53.0,188.0,0.0,0.0,0.0,0.0~4=0.0,0.0,0.0,0.0,0.0,0.0~
uk.co.agena.minerva.guicomponents.diagramcanvas.CanvassLabel~true~2~0~-1~Title~$0$~0~0~0~1~1.0~1~0.6~1~1~255~255~255~uk.co.agena.minerva.model.extendedbn.ExtendedBN=0~0=53.0,188.0,0.0,0.0,0.0,0.0~1=182.7168,188.0,0.0,0.0,0.0,0.0~1=182.7168,208.0,0.0,0.0,0.0,0.0~1=53.0,208.0,0.0,0.0,0.0,0.0~1=53.0,188.0,0.0,0.0,0.0,0.0~4=0.0,0.0,0.0,0.0,0.0,0.0~~New Bayesian Network~11~Dialog~0~0~0~0~1~1~2~2
uk.co.agena.minerva.guicomponents.diagramcanvas.CanvassLabel~true~3~0~-1~NoIONodes~$0$~0~0~0~1~1.0~1~0.6~0~1~255~255~255~$0$~0=53.0,208.0,0.0,0.0,0.0,0.0~1=182.7168,208.0,0.0,0.0,0.0,0.0~1=182.7168,228.0,0.0,0.0,0.0,0.0~1=53.0,228.0,0.0,0.0,0.0,0.0~1=53.0,208.0,0.0,0.0,0.0,0.0~4=0.0,0.0,0.0,0.0,0.0,0.0~~No Input/Ouput nodes~10~Dialog~0~0~0~0~1~1~2~2]]></canvas><canvas><![CDATA[1.0
uk.co.agena.minerva.model.extendedbn.ExtendedBN=0
uk.co.agena.minerva.guicomponents.diagramcanvas.CanvassObjectGrouping~false~0~-1~-1~$0$~$0$~0~0~0~1~1.0~1~1.0~0~0~255~255~255~$0$
uk.co.agena.minerva.guicomponents.diagramcanvas.CanvassLine~true~1~0~-1~$0$~$0$~0~0~0~1~1.0~1~1.0~1~1~255~255~255~$0$~java.awt.geom.Line2D$Double~351.4733043502454~189.86491054289488~388.8478994447811~270.43188796870334~496~179~-1~1521
uk.co.agena.minerva.guicomponents.diagramcanvas.CanvassObjectGrouping~false~2~-1~-1~$0$~$0$~0~0~0~1~1.0~1~1.0~0~0~255~255~255~$0$
uk.co.agena.minerva.guicomponents.diagramcanvas.CanvassLine~true~3~2~-1~$0$~$0$~0~0~0~1~1.0~1~1.0~1~1~255~255~255~$0$~java.awt.geom.Line2D$Double~491.0249140109588~191.35811869040634~439.78649026031485~272.36233529101855~1153~179~-1~1522
uk.co.agena.minerva.guicomponents.diagramcanvas.CanvassObjectGrouping~false~4~-1~-1~$0$~$0$~0~0~0~1~1.0~1~1.0~0~0~255~255~255~$0$
uk.co.agena.minerva.guicomponents.diagramcanvas.CanvassObjectGrouping~true~5~-1~-1~$0$~$0$~0~0~0~1~1.0~1~1.0~0~0~255~255~255~$0$
uk.co.agena.minerva.guicomponents.diagramcanvas.CanvassObjectGrouping~false~173~178~-1~$0$~$0$~0~0~0~1~1.0~1~1.0~0~0~255~255~255~$0$
uk.co.agena.minerva.guicomponents.diagramcanvas.CanvassObjectGrouping~false~174~178~-1~$0$~$0$~0~0~0~1~1.0~1~1.0~0~0~255~255~255~$0$
uk.co.agena.minerva.guicomponents.diagramcanvas.CanvassObjectGrouping~false~175~178~-1~$0$~$0$~0~0~0~1~1.0~1~1.0~0~0~255~255~255~$0$
uk.co.agena.minerva.guicomponents.diagramcanvas.CanvassLabel~true~179~5~-1~$0$~$0$~0~0~0~1~1.0~1~1.0~1~1~255~255~255~uk.co.agena.minerva.model.extendedbn.BooleanEN=3,uk.co.agena.minerva.model.extendedbn.ExtendedBN=0~0=481.0,318.0,0.0,0.0,0.0,0.0~3=481.0,345.61426,449.65994,368.0,411.0,368.0~3=372.34006,368.0,341.0,345.61426,341.0,318.0~3=341.0,290.38574,372.34006,268.0,411.0,268.0~3=449.65994,268.0,481.0,290.38574,481.0,318.0~4=0.0,0.0,0.0,0.0,0.0,0.0~~M12~10~Dialog~1~0~0~0~1~5~2~2
uk.co.agena.minerva.guicomponents.diagramcanvas.CanvassObjectGrouping~true~180~-1~-1~$0$~$0$~0~0~0~1~1.0~1~1.0~0~0~255~255~255~$0$
uk.co.agena.minerva.guicomponents.diagramcanvas.CanvassObjectGrouping~false~418~495~-1~$0$~$0$~0~0~0~1~1.0~1~1.0~0~0~255~255~255~$0$
uk.co.agena.minerva.guicomponents.diagramcanvas.CanvassObjectGrouping~false~419~495~-1~$0$~$0$~0~0~0~1~1.0~1~1.0~0~0~255~255~255~$0$
uk.co.agena.minerva.guicomponents.diagramcanvas.CanvassLabel~true~496~180~-1~$0$~$0$~0~0~0~1~1.0~1~1.0~1~1~255~255~255~uk.co.agena.minerva.model.extendedbn.ContinuousIntervalEN=2,uk.co.agena.minerva.model.extendedbn.ExtendedBN=0~0=407.0,141.5,0.0,0.0,0.0,0.0~3=407.0,169.39038,372.0782,192.0,329.0,192.0~3=285.92178,192.0,251.0,169.39038,251.0,141.5~3=251.0,113.60961,285.92178,91.0,329.0,91.0~3=372.0782,91.0,407.0,113.60961,407.0,141.5~4=0.0,0.0,0.0,0.0,0.0,0.0~~X1~10~Dialog~1~0~0~0~1~5~2~2
uk.co.agena.minerva.guicomponents.diagramcanvas.CanvassObjectGrouping~true~497~-1~-1~$0$~$0$~0~0~0~1~1.0~1~1.0~0~0~255~255~255~$0$
uk.co.agena.minerva.guicomponents.diagramcanvas.CanvassObjectGrouping~false~745~832~-1~$0$~$0$~0~0~0~1~1.0~1~1.0~0~0~255~255~255~$0$
uk.co.agena.minerva.guicomponents.diagramcanvas.CanvassObjectGrouping~false~746~832~-1~$0$~$0$~0~0~0~1~1.0~1~1.0~0~0~255~255~255~$0$
uk.co.agena.minerva.guicomponents.diagramcanvas.CanvassLabel~true~833~497~-1~$0$~$0$~0~0~0~1~1.0~1~1.0~1~1~255~255~255~uk.co.agena.minerva.model.extendedbn.ContinuousIntervalEN=1,uk.co.agena.minerva.model.extendedbn.ExtendedBN=0~0=776.9414,141.15628,0.0,0.0,0.0,0.0~3=776.9414,169.60394,745.3775,192.66537,706.4414,192.66537~3=667.5053,192.66537,635.9414,169.60394,635.9414,141.15628~3=635.9414,112.70858,667.5053,89.64716,706.4414,89.64716~3=745.3775,89.64716,776.9414,112.70858,776.9414,141.15628~4=0.0,0.0,0.0,0.0,0.0,0.0~~X3~10~Dialog~1~0~0~0~1~5~2~2
uk.co.agena.minerva.guicomponents.diagramcanvas.CanvassObjectGrouping~true~834~-1~-1~$0$~$0$~0~0~0~1~1.0~1~1.0~0~0~255~255~255~$0$
uk.co.agena.minerva.guicomponents.diagramcanvas.CanvassObjectGrouping~false~1075~1152~-1~$0$~$0$~0~0~0~1~1.0~1~1.0~0~0~255~255~255~$0$
uk.co.agena.minerva.guicomponents.diagramcanvas.CanvassObjectGrouping~false~1076~1152~-1~$0$~$0$~0~0~0~1~1.0~1~1.0~0~0~255~255~255~$0$
uk.co.agena.minerva.guicomponents.diagramcanvas.CanvassLabel~true~1153~834~-1~$0$~$0$~0~0~0~1~1.0~1~1.0~1~1~255~255~255~uk.co.agena.minerva.model.extendedbn.ContinuousIntervalEN=0,uk.co.agena.minerva.model.extendedbn.ExtendedBN=0~0=595.9974,143.0,0.0,0.0,0.0,0.0~3=595.9974,172.27109,562.64325,196.0,521.4988,196.0~3=480.3543,196.0,447.00012,172.27109,447.00012,143.0~3=447.00012,113.728905,480.3543,90.0,521.4988,90.0~3=562.64325,90.0,595.9974,113.728905,595.9974,143.0~4=0.0,0.0,0.0,0.0,0.0,0.0~~X2~10~Dialog~1~0~0~0~1~5~2~2
uk.co.agena.minerva.guicomponents.diagramcanvas.CanvassObjectGrouping~true~1154~-1~-1~$0$~$0$~0~0~0~1~1.0~1~1.0~0~0~255~255~255~$0$
uk.co.agena.minerva.guicomponents.diagramcanvas.CanvassObjectGrouping~false~1325~1330~-1~$0$~$0$~0~0~0~1~1.0~1~1.0~0~0~255~255~255~$0$
uk.co.agena.minerva.guicomponents.diagramcanvas.CanvassObjectGrouping~false~1326~1330~-1~$0$~$0$~0~0~0~1~1.0~1~1.0~0~0~255~255~255~$0$
uk.co.agena.minerva.guicomponents.diagramcanvas.CanvassObjectGrouping~false~1327~1330~-1~$0$~$0$~0~0~0~1~1.0~1~1.0~0~0~255~255~255~$0$
uk.co.agena.minerva.guicomponents.diagramcanvas.CanvassLabel~true~1331~1154~-1~$0$~$0$~0~0~0~1~1.0~1~1.0~1~1~255~255~255~uk.co.agena.minerva.model.extendedbn.BooleanEN=4,uk.co.agena.minerva.model.extendedbn.ExtendedBN=0~0=480.0,486.0,0.0,0.0,0.0,0.0~3=480.0,513.61426,448.6599,536.0,410.0,536.0~3=371.3401,536.0,340.0,513.61426,340.0,486.0~3=340.0,458.38574,371.3401,436.0,410.0,436.0~3=448.6599,436.0,480.0,458.38574,480.0,486.0~4=0.0,0.0,0.0,0.0,0.0,0.0~~New Node~10~Dialog~1~0~0~0~1~5~2~2
uk.co.agena.minerva.guicomponents.diagramcanvas.CanvassObjectGrouping~false~1332~-1~-1~$0$~$0$~0~0~0~1~1.0~1~1.0~0~0~255~255~255~$0$
uk.co.agena.minerva.guicomponents.diagramcanvas.CanvassLine~true~1333~1332~-1~$0$~$0$~0~0~0~1~1.0~1~1.0~1~1~255~255~255~$0$~java.awt.geom.Line2D$Double~410.7620514271474~367.99955763573377~410.2976163775237~435.9009657871401~179~1331~-1~1523
uk.co.agena.minerva.guicomponents.diagramcanvas.CanvassObjectGrouping~false~1334~-1~-1~$0$~$0$~0~0~0~1~1.0~1~1.0~0~0~255~255~255~$0$
uk.co.agena.minerva.guicomponents.diagramcanvas.CanvassLine~true~1335~1334~-1~$0$~$0$~0~0~0~1~1.0~1~1.0~1~1~255~255~255~$0$~java.awt.geom.Line2D$Double~668.965569880526~184.78124320870336~446.6332863406724~443.365457995465~833~1331~-1~1524
uk.co.agena.minerva.guicomponents.diagramcanvas.CanvassObjectGrouping~false~1336~-1~-1~$0$~$0$~0~0~0~1~1.0~1~1.0~0~0~255~255~255~$0$
uk.co.agena.minerva.guicomponents.diagramcanvas.CanvassObjectGrouping~true~1337~-1~-1~$0$~$0$~0~0~0~1~1.0~1~1.0~0~0~255~255~255~$0$
uk.co.agena.minerva.guicomponents.diagramcanvas.CanvassObjectGrouping~false~1510~1515~-1~$0$~$0$~0~0~0~1~1.0~1~1.0~0~0~255~255~255~$0$
uk.co.agena.minerva.guicomponents.diagramcanvas.CanvassObjectGrouping~false~1511~1515~-1~$0$~$0$~0~0~0~1~1.0~1~1.0~0~0~255~255~255~$0$
uk.co.agena.minerva.guicomponents.diagramcanvas.CanvassObjectGrouping~false~1512~1515~-1~$0$~$0$~0~0~0~1~1.0~1~1.0~0~0~255~255~255~$0$
uk.co.agena.minerva.guicomponents.diagramcanvas.CanvassLabel~true~1516~1337~-1~$0$~$0$~0~0~0~1~1.0~1~1.0~1~1~255~255~255~uk.co.agena.minerva.model.extendedbn.ExtendedBN=0,uk.co.agena.minerva.model.extendedbn.LabelledEN=5~0=224.0,245.0,0.0,0.0,0.0,0.0~3=224.0,272.61423,192.65994,295.0,154.0,295.0~3=115.340065,295.0,84.0,272.61423,84.0,245.0~3=84.0,217.38576,115.340065,195.0,154.0,195.0~3=192.65994,195.0,224.0,217.38576,224.0,245.0~4=0.0,0.0,0.0,0.0,0.0,0.0~~m~10~Dialog~1~0~0~0~1~5~2~2
uk.co.agena.minerva.guicomponents.diagramcanvas.CanvassObjectGrouping~false~1517~-1~-1~$0$~$0$~0~0~0~1~1.0~1~1.0~0~0~255~255~255~$0$
uk.co.agena.minerva.guicomponents.diagramcanvas.CanvassLine~true~1518~1517~-1~$0$~$0$~0~0~0~1~1.0~1~1.0~1~1~255~255~255~$0$~java.awt.geom.Line2D$Double~219.05768226840655~263.48091281481976~345.73705636021543~299.44691705150456~1516~179~-1~1525
uk.co.agena.minerva.guicomponents.diagramcanvas.CanvassObjectGrouping~false~1519~-1~-1~$0$~$0$~0~0~0~1~1.0~1~1.0~0~0~255~255~255~$0$
uk.co.agena.minerva.guicomponents.diagramcanvas.CanvassLine~true~1520~1519~-1~$0$~$0$~0~0~0~1~1.0~1~1.0~1~1~255~255~255~$0$~java.awt.geom.Line2D$Double~196.31369352478626~284.82904107935~367.535952714834~446.0656231968419~1516~1331~-1~1526
uk.co.agena.minerva.guicomponents.diagramcanvas.CanvassArrowHead~true~1521~1~-1~$0$~$0$~0~0~0~1~1.0~1~1.0~1~1~255~255~255~$0$~10.0~5.0
uk.co.agena.minerva.guicomponents.diagramcanvas.CanvassArrowHead~true~1522~3~-1~$0$~$0$~0~0~0~1~1.0~1~1.0~1~1~255~255~255~$0$~10.0~5.0
uk.co.agena.minerva.guicomponents.diagramcanvas.CanvassArrowHead~true~1523~1333~-1~$0$~$0$~0~0~0~1~1.0~1~1.0~1~1~255~255~255~$0$~10.0~5.0
uk.co.agena.minerva.guicomponents.diagramcanvas.CanvassArrowHead~true~1524~1335~-1~$0$~$0$~0~0~0~1~1.0~1~1.0~1~1~255~255~255~$0$~10.0~5.0
uk.co.agena.minerva.guicomponents.diagramcanvas.CanvassArrowHead~true~1525~1518~-1~$0$~$0$~0~0~0~1~1.0~1~1.0~1~1~255~255~255~$0$~10.0~5.0
uk.co.agena.minerva.guicomponents.diagramcanvas.CanvassArrowHead~true~1526~1520~-1~$0$~$0$~0~0~0~1~1.0~1~1.0~1~1~255~255~255~$0$~10.0~5.0]]></canvas></canvasData><openMonitors><![CDATA[0,3,2
0,1,2
0,4,2
0,2,2
0,0,2
0,5,2]]></openMonitors><windowSettings><preferredFrame><size><width>1728</width><height>999</height></size><maximised>true</maximised><position><x>0</x><y>38</y></position></preferredFrame><preferredScreen><![CDATA[Display 1]]></preferredScreen></windowSettings><objectDefaults><![CDATA[Display SD=false,hgraph decimal places=3,Display Upper Percentile=false,Graph type -multiple datasets=2,hgraph percentage=true,Small data set size=8,Graph type -single datapoint=2,Unknown=scenarioName,lock min Y=true,Space Taken By Graph=0.5,Graph type -small dataset=2,Display Variance=false,Visible legend=false,Log Plot=false,Display Lower Percentile=false,Treat min max x as percentile=false,Display Mean=false,Graph type -large dataset=2,Display Median=false,upper Percentile=75.0,Display Entropy=false,transparancy=0.5,Lower Percentile=25.0,Continuous X Axis=false,Number Mask=##0.##E0,min Y=0.0,hgraph min threshold display=0.01,plottype=0,Visible grid=false
0,1,Display SD=false,hgraph decimal places=3,Display Upper Percentile=false,Graph type -multiple datasets=2,hgraph percentage=true,Small data set size=8,Graph type -single datapoint=2,AdvancedGraphDataSetListSize=1,Unknown=Case 1,lock min Y=true,Space Taken By Graph=0.5,Graph type -small dataset=2,Display Variance=false,Visible legend=false,Log Plot=false,Display Lower Percentile=false,Treat min max x as percentile=false,Display Mean=false,Graph type -large dataset=2,Display Median=false,upper Percentile=75.0,Display Entropy=false,transparancy=0.5,Lower Percentile=25.0,histogram_graph_only=false,Continuous X Axis=false,Number Mask=##0.##E0,allow_individual_formatting_settings=false,min Y=0.0,hgraph min threshold display=0.01,plottype=0,Visible grid=false
0,graphtype=2,transparancy=0.5,graph original color=-11768840,Display Upper Percentile=false,histogram_graph_only=false,graph color=-11768840,graph threshold lowerp=25.0,Display Lower Percentile=false,Display Mean=false,plottype=0,Display Median=false,graph threshold upperp=75.0
0,0,Display SD=false,hgraph decimal places=3,Display Upper Percentile=false,Graph type -multiple datasets=2,hgraph percentage=true,Small data set size=8,Graph type -single datapoint=2,AdvancedGraphDataSetListSize=1,Unknown=Case 1,lock min Y=true,Space Taken By Graph=0.5,Graph type -small dataset=2,Display Variance=false,Visible legend=false,Log Plot=false,Display Lower Percentile=false,Treat min max x as percentile=false,Display Mean=false,Graph type -large dataset=2,Display Median=false,upper Percentile=75.0,Display Entropy=false,transparancy=0.5,Lower Percentile=25.0,histogram_graph_only=false,Continuous X Axis=false,Number Mask=##0.##E0,allow_individual_formatting_settings=false,min Y=0.0,hgraph min threshold display=0.01,plottype=0,Visible grid=false
0,graphtype=2,transparancy=0.5,graph original color=-11768840,Display Upper Percentile=false,histogram_graph_only=false,graph color=-11768840,graph threshold lowerp=25.0,Display Lower Percentile=false,Display Mean=false,plottype=0,Display Median=false,graph threshold upperp=75.0
0,3,Display SD=false,hgraph decimal places=3,Display Upper Percentile=false,Graph type -multiple datasets=2,hgraph percentage=true,Small data set size=8,Graph type -single datapoint=2,AdvancedGraphDataSetListSize=1,Unknown=scenarioName,lock min Y=true,Space Taken By Graph=0.5,Graph type -small dataset=2,Display Variance=false,Visible legend=false,Log Plot=false,Display Lower Percentile=false,Treat min max x as percentile=false,horizontal graph=true,Display Mean=false,Graph type -large dataset=2,Display Median=false,upper Percentile=75.0,Display Entropy=false,transparancy=0.5,Lower Percentile=25.0,histogram_graph_only=false,Continuous X Axis=false,Number Mask=##0.##E0,allow_individual_formatting_settings=true,min Y=0.0,hgraph min threshold display=0.01,plottype=0,Visible grid=false
0,graphtype=2,transparancy=0.5,graph original color=-11768840,histogram_graph_only=false,graph color=-11768840,plottype=0
0,4,Display SD=false,hgraph decimal places=3,Display Upper Percentile=false,Graph type -multiple datasets=2,hgraph percentage=true,Small data set size=8,Graph type -single datapoint=2,AdvancedGraphDataSetListSize=1,Unknown=scenarioName,lock min Y=true,Space Taken By Graph=0.5,Graph type -small dataset=2,Display Variance=false,Visible legend=false,Log Plot=false,Display Lower Percentile=false,Treat min max x as percentile=false,horizontal graph=true,Display Mean=false,Graph type -large dataset=2,Display Median=false,upper Percentile=75.0,Display Entropy=false,transparancy=0.5,Lower Percentile=25.0,histogram_graph_only=false,Continuous X Axis=false,Number Mask=##0.##E0,allow_individual_formatting_settings=true,min Y=0.0,hgraph min threshold display=0.01,plottype=0,Visible grid=false
0,graphtype=2,transparancy=0.5,graph original color=-11768840,histogram_graph_only=false,graph color=-11768840,plottype=0
0,2,Display SD=false,hgraph decimal places=3,Display Upper Percentile=false,Graph type -multiple datasets=2,hgraph percentage=true,Small data set size=8,Graph type -single datapoint=2,AdvancedGraphDataSetListSize=1,Unknown=Case 1,lock min Y=true,Space Taken By Graph=0.5,Graph type -small dataset=2,Display Variance=false,Visible legend=false,Log Plot=false,Display Lower Percentile=false,Treat min max x as percentile=false,Display Mean=false,Graph type -large dataset=2,Display Median=false,upper Percentile=75.0,Display Entropy=false,transparancy=0.5,Lower Percentile=25.0,histogram_graph_only=false,Continuous X Axis=false,Number Mask=##0.##E0,allow_individual_formatting_settings=false,min Y=0.0,hgraph min threshold display=0.01,plottype=0,Visible grid=false
0,graphtype=2,transparancy=0.5,graph original color=-11768840,Display Upper Percentile=false,histogram_graph_only=false,graph color=-11768840,graph threshold lowerp=25.0,Display Lower Percentile=false,Display Mean=false,plottype=0,Display Median=false,graph threshold upperp=75.0
0,5,Display SD=false,hgraph decimal places=3,Display Upper Percentile=false,Graph type -multiple datasets=2,hgraph percentage=true,Small data set size=8,Graph type -single datapoint=2,AdvancedGraphDataSetListSize=1,Unknown=scenarioName,lock min Y=true,Space Taken By Graph=0.5,Graph type -small dataset=2,Display Variance=false,Visible legend=false,Log Plot=false,Display Lower Percentile=false,Treat min max x as percentile=false,horizontal graph=true,Display Mean=false,Graph type -large dataset=2,Display Median=false,upper Percentile=75.0,Display Entropy=false,transparancy=0.5,Lower Percentile=25.0,histogram_graph_only=false,Continuous X Axis=false,Number Mask=##0.##E0,allow_individual_formatting_settings=true,min Y=0.0,hgraph min threshold display=0.01,plottype=0,Visible grid=false
0,graphtype=2,transparancy=0.5,graph original color=-11768840,histogram_graph_only=false,graph color=-11768840,plottype=0]]></objectDefaults><viewSettings><![CDATA[showExpressions=false,Input=false,ContinuousInterval=false,DiscreteReal=false,Labelled=false,DynamicDiscretisation=true,Output=false,IntegerInterval=false,Boolean=false,Ranked=false]]></viewSettings></graphics><networks><network><nodes><node><configuration><simulated>true</simulated><type><![CDATA[ContinuousInterval]]></type><table><nptCompiled>true</nptCompiled><type><![CDATA[Expression]]></type><expressions><expression><![CDATA[Normal(200.0,1.0E8)]]></expression></expressions></table></configuration><name><![CDATA[X2]]></name><description><![CDATA[New Node]]></description><id><![CDATA[M2]]></id></node><node><configuration><simulated>true</simulated><type><![CDATA[ContinuousInterval]]></type><table><nptCompiled>true</nptCompiled><type><![CDATA[Expression]]></type><expressions><expression><![CDATA[Normal(300.0,1.0E8)]]></expression></expressions></table></configuration><name><![CDATA[X3]]></name><description><![CDATA[New Node]]></description><id><![CDATA[M3]]></id></node><node><configuration><simulated>true</simulated><type><![CDATA[ContinuousInterval]]></type><table><nptCompiled>true</nptCompiled><type><![CDATA[Expression]]></type><expressions><expression><![CDATA[Normal(100.0,1.0E8)]]></expression></expressions></table></configuration><name><![CDATA[X1]]></name><description><![CDATA[New Node]]></description><id><![CDATA[M1]]></id></node><node><configuration><type><![CDATA[Boolean]]></type><table><partitions><partition><![CDATA[M6]]></partition></partitions><nptCompiled>true</nptCompiled><type><![CDATA[Partitioned]]></type><expressions><expression><![CDATA[Comparative(if(M1>M2,"True","False"))]]></expression><expression><![CDATA[Comparative(if(M2>100.0,"True","False"))]]></expression><expression><![CDATA[Comparative(if(M2>100.0,"True","False"))]]></expression></expressions><probabilities><row><cell>0.5</cell><cell>0.5</cell><cell>0.5</cell><cell>0.5</cell><cell>0.5</cell><cell>0.5</cell><cell>0.5</cell><cell>0.5</cell><cell>0.5</cell><cell>0.5</cell><cell>0.5</cell><cell>0.5</cell><cell>0.5</cell><cell>0.5</cell><cell>0.5</cell><cell>0.5</cell><cell>0.5</cell><cell>0.5</cell><cell>0.5</cell><cell>0.5</cell><cell>0.5</cell><cell>0.5</cell><cell>0.5</cell><cell>0.5</cell><cell>0.5</cell><cell>0.5</cell><cell>0.5</cell></row><row><cell>0.5</cell><cell>0.5</cell><cell>0.5</cell><cell>0.5</cell><cell>0.5</cell><cell>0.5</cell><cell>0.5</cell><cell>0.5</cell><cell>0.5</cell><cell>0.5</cell><cell>0.5</cell><cell>0.5</cell><cell>0.5</cell><cell>0.5</cell><cell>0.5</cell><cell>0.5</cell><cell>0.5</cell><cell>0.5</cell><cell>0.5</cell><cell>0.5</cell><cell>0.5</cell><cell>0.5</cell><cell>0.5</cell><cell>0.5</cell><cell>0.5</cell><cell>0.5</cell><cell>0.5</cell></row></probabilities></table><states><state><![CDATA[False]]></state><state><![CDATA[True]]></state></states></configuration><name><![CDATA[M12]]></name><description><![CDATA[New Node]]></description><id><![CDATA[M12]]></id></node><node><configuration><type><![CDATA[Boolean]]></type><table><partitions><partition><![CDATA[M6]]></partition></partitions><nptCompiled>true</nptCompiled><type><![CDATA[Partitioned]]></type><expressions><expression><![CDATA[Comparative(if(M12=="True","True","False"))]]></expression><expression><![CDATA[Comparative(if(M12=="True","True","False"))]]></expression><expression><![CDATA[Comparative(if(M3>1000.0,"True","False"))]]></expression></expressions><probabilities><row><cell>0.5</cell><cell>0.5</cell><cell>0.5</cell><cell>0.5</cell><cell>0.5</cell><cell>0.5</cell><cell>0.5</cell><cell>0.5</cell><cell>0.5</cell><cell>0.5</cell><cell>0.5</cell><cell>0.5</cell><cell>0.5</cell><cell>0.5</cell><cell>0.5</cell><cell>0.5</cell><cell>0.5</cell><cell>0.5</cell></row><row><cell>0.5</cell><cell>0.5</cell><cell>0.5</cell><cell>0.5</cell><cell>0.5</cell><cell>0.5</cell><cell>0.5</cell><cell>0.5</cell><cell>0.5</cell><cell>0.5</cell><cell>0.5</cell><cell>0.5</cell><cell>0.5</cell><cell>0.5</cell><cell>0.5</cell><cell>0.5</cell><cell>0.5</cell><cell>0.5</cell></row></probabilities></table><states><state><![CDATA[False]]></state><state><![CDATA[True]]></state></states></configuration><name><![CDATA[New Node]]></name><description><![CDATA[New Node]]></description><id><![CDATA[M5]]></id></node><node><configuration><type><![CDATA[Labelled]]></type><table><nptCompiled>true</nptCompiled><type><![CDATA[Manual]]></type><probabilities><row><cell>0.16666667</cell></row><row><cell>0.33333334</cell></row><row><cell>0.5</cell></row></probabilities></table><states><state><![CDATA[m1]]></state><state><![CDATA[m2]]></state><state><![CDATA[m3]]></state></states></configuration><name><![CDATA[m]]></name><description><![CDATA[New Node]]></description><id><![CDATA[M6]]></id></node></nodes><name><![CDATA[New Bayesian Network]]></name><description><![CDATA[New Bayesian Network]]></description><links><link><parent><![CDATA[M2]]></parent><child><![CDATA[M12]]></child></link><link><parent><![CDATA[M1]]></parent><child><![CDATA[M12]]></child></link><link><parent><![CDATA[M6]]></parent><child><![CDATA[M12]]></child></link><link><parent><![CDATA[M12]]></parent><child><![CDATA[M5]]></child></link><link><parent><![CDATA[M3]]></parent><child><![CDATA[M5]]></child></link><link><parent><![CDATA[M6]]></parent><child><![CDATA[M5]]></child></link></links><id><![CDATA[New Bayesian Network1]]></id></network></networks></model>